{
	"callsign":"NOCALL-10",
	"wifi":
	{
		"active":false,
		"AP": [
			{ "SSID":"YOURSSID", "password":"YOURPASSWORD" }
		]
	},
	"beacon":
	{
		"message":"LoRa iGATE & Digi, Info: github.com/peterus/LoRa_APRS_iGate",
		"symbol":"&",
		"overlay": "I",
		"position":
		{
			"latitude":0.000000,
			"longitude":0.000000
		}
	},
	"aprs_is":
	{
		"active":false,
		"password":"",
		"server":"euro.aprs2.net",
		"port":14580,
		"beacon":true,
		"beacon_timeout":15
	},
	"digi":
	{
		"active":false,
		"forward_timeout":5,
		"beacon":true,
		"beacon_timeout":30
	},
	"lora":
	{
		"frequency_rx":433775000,
		"frequency_tx":433775000,
		"power":20,
		"spreading_factor":12,
		"signal_bandwidth":125000,
		"coding_rate4":5
	},
	"display":
	{
		"always_on": true,
		"timeout":10,
		"overwrite_pin":0
	},
	"ftp":
	{
		"active":false,
		"user": [
			{ "name":"ftp", "password":"ftp" }
		]
	}
}
